ER-Force,erforce
RobôCIn,robocin
RoboTeam Twente,roboteamtwente
KIKS,kiks
TIGERs Mannheim,tigers
KgpKubs,kgpkubs
RoboIME,roboime
RoboFEI,robofei
UBC Thunderbots,ubcthunderbots
RoboDragons,robodragons
RoboJackets,robojackets
Tritons RCSC,tritons
Omid,omid
URoboRus,uroborus
SRC,src